ticker,scoring_engine_score,scoring_engine_rating,quant_engine_score,quant_engine_rating,diff_se_minus_qe,abs_diff
ACN,20.5,🚫 风险较高,51.63,👀 综合中性,-31.13,31.13
TYL,17.8,🚫 风险较高,45.61,⚠️ 谨慎评估,-27.81,27.81
PTC,31.0,🚫 风险较高,58.74,👀 综合中性,-27.74,27.74
ADSK,32.2,🚫 风险较高,58.4,👀 综合中性,-26.2,26.2
WDAY,32.6,🚫 风险较高,58.35,👀 综合中性,-25.75,25.75
HUBS,34.3,🚫 风险较高,59.97,👀 综合中性,-25.67,25.67
CRM,31.8,🚫 风险较高,57.42,👀 综合中性,-25.62,25.62
DOCU,31.3,🚫 风险较高,56.03,👀 综合中性,-24.73,24.73
ZM,28.8,🚫 风险较高,53.53,👀 综合中性,-24.73,24.73
EXLS,32.0,🚫 风险较高,56.38,👀 综合中性,-24.38,24.38
NTNX,39.1,⚠️ 谨慎评估,62.83,👀 综合中性,-23.73,23.73
TTD,16.3,🚫 风险较高,40.0,⚠️ 谨慎评估,-23.7,23.7
VEEV,16.3,🚫 风险较高,40.0,⚠️ 谨慎评估,-23.7,23.7
U,10.4,🚫 风险较高,33.82,🚫 风险较高,-23.42,23.42
TSLA,0.0,🚫 风险较高,22.87,🚫 风险较高,-22.87,22.87
TEAM,38.7,⚠️ 谨慎评估,60.99,👀 综合中性,-22.29,22.29
NET,33.1,🚫 风险较高,54.71,👀 综合中性,-21.61,21.61
DUOL,34.6,🚫 风险较高,54.54,👀 综合中性,-19.94,19.94
AI,26.4,🚫 风险较高,46.26,⚠️ 谨慎评估,-19.86,19.86
ZS,44.7,⚠️ 谨慎评估,63.71,👀 综合中性,-19.01,19.01
OKTA,42.0,⚠️ 谨慎评估,60.61,👀 综合中性,-18.61,18.61
GTLB,43.2,⚠️ 谨慎评估,61.67,👀 综合中性,-18.47,18.47
FTNT,41.9,⚠️ 谨慎评估,60.21,👀 综合中性,-18.31,18.31
SNPS,34.3,🚫 风险较高,51.59,👀 综合中性,-17.29,17.29
NFLX,39.6,⚠️ 谨慎评估,56.83,👀 综合中性,-17.23,17.23
S,23.1,🚫 风险较高,40.0,⚠️ 谨慎评估,-16.9,16.9
DDOG,40.5,⚠️ 谨慎评估,57.3,👀 综合中性,-16.8,16.8
CDNS,35.6,⚠️ 谨慎评估,52.37,👀 综合中性,-16.77,16.77
ESTC,37.4,⚠️ 谨慎评估,53.75,👀 综合中性,-16.35,16.35
PATH,37.9,⚠️ 谨慎评估,53.99,👀 综合中性,-16.09,16.09
AVGO,61.7,👀 综合中性,45.79,🧾 数据待复核,15.91,15.91
PANW,40.8,⚠️ 谨慎评估,56.46,👀 综合中性,-15.66,15.66
NXPI,33.7,🚫 风险较高,49.26,⚠️ 谨慎评估,-15.56,15.56
ADBE,36.2,⚠️ 谨慎评估,51.75,👀 综合中性,-15.55,15.55
SDGR,26.1,🚫 风险较高,41.0,⚠️ 谨慎评估,-14.9,14.9
DT,42.2,⚠️ 谨慎评估,56.86,👀 综合中性,-14.66,14.66
P,25.7,🚫 风险较高,40.0,⚠️ 谨慎评估,-14.3,14.3
AMBA,25.7,🚫 风险较高,40.0,⚠️ 谨慎评估,-14.3,14.3
TSM,25.7,🚫 风险较高,40.0,⚠️ 谨慎评估,-14.3,14.3
ADI,33.0,🚫 风险较高,47.03,⚠️ 谨慎评估,-14.03,14.03
INTC,14.8,🚫 风险较高,28.7,🚫 风险较高,-13.9,13.9
JBL,33.0,🚫 风险较高,46.81,⚠️ 谨慎评估,-13.81,13.81
CSCO,37.9,⚠️ 谨慎评估,51.65,👀 综合中性,-13.75,13.75
TXN,28.4,🚫 风险较高,42.04,⚠️ 谨慎评估,-13.64,13.64
ASML,36.3,⚠️ 谨慎评估,49.85,⚠️ 谨慎评估,-13.55,13.55
RXRX,17.4,🚫 风险较高,30.67,🧾 数据待复核,-13.27,13.27
HPE,32.5,🚫 风险较高,45.35,⚠️ 谨慎评估,-12.85,12.85
CRUS,37.9,⚠️ 谨慎评估,50.7,👀 综合中性,-12.8,12.8
MDB,42.0,⚠️ 谨慎评估,54.66,👀 综合中性,-12.66,12.66
CRWD,44.3,⚠️ 谨慎评估,56.8,👀 综合中性,-12.5,12.5
AOSL,29.9,🚫 风险较高,42.02,⚠️ 谨慎评估,-12.12,12.12
MCHP,27.3,🚫 风险较高,38.51,⚠️ 谨慎评估,-11.21,11.21
NOW,53.8,👀 综合中性,63.22,👀 综合中性,-9.42,9.42
AFRM,29.2,🚫 风险较高,38.61,🧾 数据待复核,-9.41,9.41
MRVL,48.4,⚠️ 谨慎评估,39.21,🧾 数据待复核,9.19,9.19
AMZN,44.5,⚠️ 谨慎评估,53.34,👀 综合中性,-8.84,8.84
PLTR,53.9,👀 综合中性,62.35,👀 综合中性,-8.45,8.45
MSFT,53.4,👀 综合中性,61.84,👀 综合中性,-8.44,8.44
KLAC,63.0,👀 综合中性,54.6,👀 综合中性,8.4,8.4
ISRG,40.4,⚠️ 谨慎评估,48.7,⚠️ 谨慎评估,-8.3,8.3
GEV,32.6,🚫 风险较高,40.81,⚠️ 谨慎评估,-8.21,8.21
LUNR,26.9,🚫 风险较高,34.38,🧾 数据待复核,-7.48,7.48
AAPL,36.7,⚠️ 谨慎评估,44.08,⚠️ 谨慎评估,-7.38,7.38
APP,62.4,👀 综合中性,69.78,✅ 综合良好,-7.38,7.38
BBAI,16.8,🚫 风险较高,23.92,🧾 数据待复核,-7.12,7.12
TEM,29.5,🚫 风险较高,36.58,🧾 数据待复核,-7.08,7.08
GOOGL,50.1,👀 综合中性,56.34,👀 综合中性,-6.24,6.24
AMAT,58.8,👀 综合中性,53.01,👀 综合中性,5.79,5.79
ACLS,34.3,🚫 风险较高,40.0,⚠️ 谨慎评估,-5.7,5.7
HON,37.5,⚠️ 谨慎评估,42.8,⚠️ 谨慎评估,-5.3,5.3
MBLY,20.0,🚫 风险较高,25.26,🚫 风险较高,-5.26,5.26
LRCX,58.9,👀 综合中性,53.76,👀 综合中性,5.14,5.14
ROK,35.3,⚠️ 谨慎评估,40.15,⚠️ 谨慎评估,-4.85,4.85
SNOW,42.1,⚠️ 谨慎评估,46.53,⚠️ 谨慎评估,-4.43,4.43
ARM,35.5,⚠️ 谨慎评估,39.29,⚠️ 谨慎评估,-3.79,3.79
ORCL,46.5,⚠️ 谨慎评估,43.18,🧾 数据待复核,3.32,3.32
GE,41.4,⚠️ 谨慎评估,44.66,⚠️ 谨慎评估,-3.26,3.26
SMCI,48.9,⚠️ 谨慎评估,46.52,⚠️ 谨慎评估,2.38,2.38
LITE,47.3,⚠️ 谨慎评估,44.97,⚠️ 谨慎评估,2.33,2.33
FN,43.8,⚠️ 谨慎评估,46.04,⚠️ 谨慎评估,-2.24,2.24
NVDA,76.9,✅ 综合良好,74.83,✅ 综合良好,2.07,2.07
META,63.8,👀 综合中性,62.01,👀 综合中性,1.79,1.79
ANET,48.1,⚠️ 谨慎评估,49.73,⚠️ 谨慎评估,-1.63,1.63
DELL,36.9,⚠️ 谨慎评估,38.37,🧾 数据待复核,-1.47,1.47
COHR,47.9,⚠️ 谨慎评估,49.12,⚠️ 谨慎评估,-1.22,1.22
QCOM,42.9,⚠️ 谨慎评估,44.1,⚠️ 谨慎评估,-1.2,1.2
GRMN,51.5,👀 综合中性,50.49,👀 综合中性,1.01,1.01
AMD,42.7,⚠️ 谨慎评估,43.68,⚠️ 谨慎评估,-0.98,0.98
VRT,48.1,⚠️ 谨慎评估,47.74,⚠️ 谨慎评估,0.36,0.36
CLS,44.2,⚠️ 谨慎评估,44.36,⚠️ 谨慎评估,-0.16,0.16
MU,60.0,👀 综合中性,60.15,👀 综合中性,-0.15,0.15
ONTO,44.4,⚠️ 谨慎评估,44.26,⚠️ 谨慎评估,0.14,0.14
IBM,32.2,🚫 风险较高,32.2,🧾 数据待复核,0.0,0.0
SOUN,40.9,⚠️ 谨慎评估,40.9,🧾 数据待复核,0.0,0.0
